"LOCATION","INDICATOR","SUBJECT","MEASURE","FREQUENCY","TIME","Value","Flag Codes"
"AUS","HOUSECOST","PRICEINCOME","IDX2015","A","2012",85.0562727922185,
"AUS","HOUSECOST","PRICEINCOME","IDX2015","A","2013",88.3213097743434,
"AUS","HOUSECOST","PRICEINCOME","IDX2015","A","2014",92.9339770157176,
"AUS","HOUSECOST","PRICEINCOME","IDX2015","A","2015",100,
"AUS","HOUSECOST","PRICEINCOME","IDX2015","A","2016",105.00513517087,
"AUS","HOUSECOST","PRICEINCOME","IDX2015","A","2017",112.311917967622,
"AUS","HOUSECOST","PRICEINCOME","IDX2015","A","2018",107.675146725736,
"AUS","HOUSECOST","PRICEINCOME","IDX2015","A","2019",100.624367875772,
"AUS","HOUSECOST","PRICEINCOME","IDX2015","A","2020",100.17718600222,
"AUS","HOUSECOST","PRICEINCOME","IDX2015","A","2021",113.729722529361,
"AUS","HOUSECOST","PRICEINCOME","IDX2015","A","2022",118.267388885239,
"AUT","HOUSECOST","PRICEINCOME","IDX2015","A","2012",89.0777369044199,
"AUT","HOUSECOST","PRICEINCOME","IDX2015","A","2013",94.1615947050448,
"AUT","HOUSECOST","PRICEINCOME","IDX2015","A","2014",95.5787208180504,
"AUT","HOUSECOST","PRICEINCOME","IDX2015","A","2015",100,
"AUT","HOUSECOST","PRICEINCOME","IDX2015","A","2016",105.462881601114,
"AUT","HOUSECOST","PRICEINCOME","IDX2015","A","2017",107.949454882877,
"AUT","HOUSECOST","PRICEINCOME","IDX2015","A","2018",109.974668146787,
"AUT","HOUSECOST","PRICEINCOME","IDX2015","A","2019",113.957942362283,
"AUT","HOUSECOST","PRICEINCOME","IDX2015","A","2020",125.291998793545,
"AUT","HOUSECOST","PRICEINCOME","IDX2015","A","2021",136.012321306841,
"AUT","HOUSECOST","PRICEINCOME","IDX2015","A","2022",138.248241986458,
"BEL","HOUSECOST","PRICEINCOME","IDX2015","A","2012",100.30972745063,
"BEL","HOUSECOST","PRICEINCOME","IDX2015","A","2013",100.670961868532,
"BEL","HOUSECOST","PRICEINCOME","IDX2015","A","2014",99.3827861177036,
"BEL","HOUSECOST","PRICEINCOME","IDX2015","A","2015",100,
"BEL","HOUSECOST","PRICEINCOME","IDX2015","A","2016",100.142246457874,
"BEL","HOUSECOST","PRICEINCOME","IDX2015","A","2017",100.229482533505,
"BEL","HOUSECOST","PRICEINCOME","IDX2015","A","2018",100.41345935731,
"BEL","HOUSECOST","PRICEINCOME","IDX2015","A","2019",100.859088542841,
"BEL","HOUSECOST","PRICEINCOME","IDX2015","A","2020",103.494625233476,
"BEL","HOUSECOST","PRICEINCOME","IDX2015","A","2021",107.385512570493,
"BEL","HOUSECOST","PRICEINCOME","IDX2015","A","2022",106.273833850873,
"CAN","HOUSECOST","PRICEINCOME","IDX2015","A","2012",95.3121925327623,
"CAN","HOUSECOST","PRICEINCOME","IDX2015","A","2013",95.0337128093477,
"CAN","HOUSECOST","PRICEINCOME","IDX2015","A","2014",97.8821486064451,
"CAN","HOUSECOST","PRICEINCOME","IDX2015","A","2015",100,
"CAN","HOUSECOST","PRICEINCOME","IDX2015","A","2016",111.561206036308,
"CAN","HOUSECOST","PRICEINCOME","IDX2015","A","2017",120.510505006867,
"CAN","HOUSECOST","PRICEINCOME","IDX2015","A","2018",123.292722655099,
"CAN","HOUSECOST","PRICEINCOME","IDX2015","A","2019",120.940302413889,
"CAN","HOUSECOST","PRICEINCOME","IDX2015","A","2020",121.343264350713,
"CAN","HOUSECOST","PRICEINCOME","IDX2015","A","2021",134.590773463321,
"CAN","HOUSECOST","PRICEINCOME","IDX2015","A","2022",145.15353557691,
"CZE","HOUSECOST","PRICEINCOME","IDX2015","A","2012",100.484962240104,
"CZE","HOUSECOST","PRICEINCOME","IDX2015","A","2013",100.446068412533,
"CZE","HOUSECOST","PRICEINCOME","IDX2015","A","2014",99.5030289857699,
"CZE","HOUSECOST","PRICEINCOME","IDX2015","A","2015",100,
"CZE","HOUSECOST","PRICEINCOME","IDX2015","A","2016",103.702602267783,
"CZE","HOUSECOST","PRICEINCOME","IDX2015","A","2017",108.230195564827,
"CZE","HOUSECOST","PRICEINCOME","IDX2015","A","2018",110.434269472282,
"CZE","HOUSECOST","PRICEINCOME","IDX2015","A","2019",113.495573961631,
"CZE","HOUSECOST","PRICEINCOME","IDX2015","A","2020",120.526215764658,
"CZE","HOUSECOST","PRICEINCOME","IDX2015","A","2021",134.385944371757,
"CZE","HOUSECOST","PRICEINCOME","IDX2015","A","2022",142.032165645791,
"DNK","HOUSECOST","PRICEINCOME","IDX2015","A","2012",92.3687104458841,
"DNK","HOUSECOST","PRICEINCOME","IDX2015","A","2013",94.3446262417531,
"DNK","HOUSECOST","PRICEINCOME","IDX2015","A","2014",97.0662541768279,
"DNK","HOUSECOST","PRICEINCOME","IDX2015","A","2015",100,
"DNK","HOUSECOST","PRICEINCOME","IDX2015","A","2016",100.929227997648,
"DNK","HOUSECOST","PRICEINCOME","IDX2015","A","2017",102.623376035203,
"DNK","HOUSECOST","PRICEINCOME","IDX2015","A","2018",104.836057216649,
"DNK","HOUSECOST","PRICEINCOME","IDX2015","A","2019",104.416503785605,
"DNK","HOUSECOST","PRICEINCOME","IDX2015","A","2020",109.645947819245,
"DNK","HOUSECOST","PRICEINCOME","IDX2015","A","2021",121.393734467151,
"DNK","HOUSECOST","PRICEINCOME","IDX2015","A","2022",110.596604136755,
"FIN","HOUSECOST","PRICEINCOME","IDX2015","A","2012",103.118251422668,
"FIN","HOUSECOST","PRICEINCOME","IDX2015","A","2013",102.19353688487,
"FIN","HOUSECOST","PRICEINCOME","IDX2015","A","2014",101.288655170095,
"FIN","HOUSECOST","PRICEINCOME","IDX2015","A","2015",100,
"FIN","HOUSECOST","PRICEINCOME","IDX2015","A","2016",99.8038512971686,
"FIN","HOUSECOST","PRICEINCOME","IDX2015","A","2017",98.9150255822048,
"FIN","HOUSECOST","PRICEINCOME","IDX2015","A","2018",96.9651449263655,
"FIN","HOUSECOST","PRICEINCOME","IDX2015","A","2019",94.6954829009782,
"FIN","HOUSECOST","PRICEINCOME","IDX2015","A","2020",95.6562794835667,
"FIN","HOUSECOST","PRICEINCOME","IDX2015","A","2021",96.9818895596936,
"FIN","HOUSECOST","PRICEINCOME","IDX2015","A","2022",94.7567233723259,
"FRA","HOUSECOST","PRICEINCOME","IDX2015","A","2012",106.658115789167,
"FRA","HOUSECOST","PRICEINCOME","IDX2015","A","2013",105.441266749725,
"FRA","HOUSECOST","PRICEINCOME","IDX2015","A","2014",102.702029063403,
"FRA","HOUSECOST","PRICEINCOME","IDX2015","A","2015",100,
"FRA","HOUSECOST","PRICEINCOME","IDX2015","A","2016",99.4577686275304,
"FRA","HOUSECOST","PRICEINCOME","IDX2015","A","2017",100.363312035384,
"FRA","HOUSECOST","PRICEINCOME","IDX2015","A","2018",100.95749828642,
"FRA","HOUSECOST","PRICEINCOME","IDX2015","A","2019",101.445376898104,
"FRA","HOUSECOST","PRICEINCOME","IDX2015","A","2020",106.402803174014,
"FRA","HOUSECOST","PRICEINCOME","IDX2015","A","2021",109.416950370391,
"FRA","HOUSECOST","PRICEINCOME","IDX2015","A","2022",111.346803636205,
"DEU","HOUSECOST","PRICEINCOME","IDX2015","A","2012",94.4452562908811,
"DEU","HOUSECOST","PRICEINCOME","IDX2015","A","2013",96.310982092751,
"DEU","HOUSECOST","PRICEINCOME","IDX2015","A","2014",97.3002611616192,
"DEU","HOUSECOST","PRICEINCOME","IDX2015","A","2015",100,
"DEU","HOUSECOST","PRICEINCOME","IDX2015","A","2016",104.726035058739,
"DEU","HOUSECOST","PRICEINCOME","IDX2015","A","2017",107.946092732979,
"DEU","HOUSECOST","PRICEINCOME","IDX2015","A","2018",110.906472017357,
"DEU","HOUSECOST","PRICEINCOME","IDX2015","A","2019",115.159273211813,
"DEU","HOUSECOST","PRICEINCOME","IDX2015","A","2020",122.437669524427,
"DEU","HOUSECOST","PRICEINCOME","IDX2015","A","2021",133.784566054925,
"DEU","HOUSECOST","PRICEINCOME","IDX2015","A","2022",132.605483181911,
"GRC","HOUSECOST","PRICEINCOME","IDX2015","A","2012",122.523629573455,
"GRC","HOUSECOST","PRICEINCOME","IDX2015","A","2013",116.192758412996,
"GRC","HOUSECOST","PRICEINCOME","IDX2015","A","2014",106.231745892601,
"GRC","HOUSECOST","PRICEINCOME","IDX2015","A","2015",100,
"GRC","HOUSECOST","PRICEINCOME","IDX2015","A","2016",98.2587789260177,
"GRC","HOUSECOST","PRICEINCOME","IDX2015","A","2017",97.0382189083806,
"GRC","HOUSECOST","PRICEINCOME","IDX2015","A","2018",97.2407558491676,
"GRC","HOUSECOST","PRICEINCOME","IDX2015","A","2019",98.0507103236495,
"GRC","HOUSECOST","PRICEINCOME","IDX2015","A","2020",107.961174060546,
"GRC","HOUSECOST","PRICEINCOME","IDX2015","A","2021",106.810991269104,
"GRC","HOUSECOST","PRICEINCOME","IDX2015","A","2022",110.061479955154,
"HUN","HOUSECOST","PRICEINCOME","IDX2015","A","2012",99.0987846402117,
"HUN","HOUSECOST","PRICEINCOME","IDX2015","A","2013",92.9090460886482,
"HUN","HOUSECOST","PRICEINCOME","IDX2015","A","2014",92.3814732683595,
"HUN","HOUSECOST","PRICEINCOME","IDX2015","A","2015",100,
"HUN","HOUSECOST","PRICEINCOME","IDX2015","A","2016",107.347860936876,
"HUN","HOUSECOST","PRICEINCOME","IDX2015","A","2017",109.515343271314,
"HUN","HOUSECOST","PRICEINCOME","IDX2015","A","2018",111.620920852541,
"HUN","HOUSECOST","PRICEINCOME","IDX2015","A","2019",119.139319736105,
"HUN","HOUSECOST","PRICEINCOME","IDX2015","A","2020",121.638830387431,
"HUN","HOUSECOST","PRICEINCOME","IDX2015","A","2021",123.832374490453,
"HUN","HOUSECOST","PRICEINCOME","IDX2015","A","2022",128.33351727405,
"ISL","HOUSECOST","PRICEINCOME","IDX2015","A","2012",93.3774451510388,
"ISL","HOUSECOST","PRICEINCOME","IDX2015","A","2013",94.2027310280319,
"ISL","HOUSECOST","PRICEINCOME","IDX2015","A","2014",96.1441118682514,
"IRL","HOUSECOST","PRICEINCOME","IDX2015","A","2012",78.6417223081215,
"IRL","HOUSECOST","PRICEINCOME","IDX2015","A","2013",80.3483477832529,
"IRL","HOUSECOST","PRICEINCOME","IDX2015","A","2014",93.3114834629855,
"IRL","HOUSECOST","PRICEINCOME","IDX2015","A","2015",100,
"IRL","HOUSECOST","PRICEINCOME","IDX2015","A","2016",103.688891291693,
"IRL","HOUSECOST","PRICEINCOME","IDX2015","A","2017",108.965034988545,
"IRL","HOUSECOST","PRICEINCOME","IDX2015","A","2018",116.742494823341,
"IRL","HOUSECOST","PRICEINCOME","IDX2015","A","2019",114.185715033419,
"IRL","HOUSECOST","PRICEINCOME","IDX2015","A","2020",108.049540446183,
"IRL","HOUSECOST","PRICEINCOME","IDX2015","A","2021",112.055021224315,
"IRL","HOUSECOST","PRICEINCOME","IDX2015","A","2022",119.818473226364,
"ITA","HOUSECOST","PRICEINCOME","IDX2015","A","2012",119.402549046923,
"ITA","HOUSECOST","PRICEINCOME","IDX2015","A","2013",111.349793727788,
"ITA","HOUSECOST","PRICEINCOME","IDX2015","A","2014",105.39357816059,
"ITA","HOUSECOST","PRICEINCOME","IDX2015","A","2015",100,
"ITA","HOUSECOST","PRICEINCOME","IDX2015","A","2016",98.748934841502,
"ITA","HOUSECOST","PRICEINCOME","IDX2015","A","2017",95.4987877775463,
"ITA","HOUSECOST","PRICEINCOME","IDX2015","A","2018",93.0988018365724,
"ITA","HOUSECOST","PRICEINCOME","IDX2015","A","2019",92.1402504867807,
"ITA","HOUSECOST","PRICEINCOME","IDX2015","A","2020",95.7897562409774,
"ITA","HOUSECOST","PRICEINCOME","IDX2015","A","2021",93.4378832291599,
"ITA","HOUSECOST","PRICEINCOME","IDX2015","A","2022",91.7339987814476,
"JPN","HOUSECOST","PRICEINCOME","IDX2015","A","2012",96.3894791882015,
"JPN","HOUSECOST","PRICEINCOME","IDX2015","A","2013",97.7174129431457,
"JPN","HOUSECOST","PRICEINCOME","IDX2015","A","2014",99.091956211331,
"JPN","HOUSECOST","PRICEINCOME","IDX2015","A","2015",100,
"JPN","HOUSECOST","PRICEINCOME","IDX2015","A","2016",101.030833513461,
"JPN","HOUSECOST","PRICEINCOME","IDX2015","A","2017",102.395295848283,
"JPN","HOUSECOST","PRICEINCOME","IDX2015","A","2018",103.088003231172,
"JPN","HOUSECOST","PRICEINCOME","IDX2015","A","2019",102.886546784824,
"JPN","HOUSECOST","PRICEINCOME","IDX2015","A","2020",98.1660656739,
"JPN","HOUSECOST","PRICEINCOME","IDX2015","A","2021",107.085146961792,
"JPN","HOUSECOST","PRICEINCOME","IDX2015","A","2022",113.029628902411,
"KOR","HOUSECOST","PRICEINCOME","IDX2015","A","2012",111.379941815662,
"KOR","HOUSECOST","PRICEINCOME","IDX2015","A","2013",105.457285146858,
"KOR","HOUSECOST","PRICEINCOME","IDX2015","A","2014",103.451841566862,
"KOR","HOUSECOST","PRICEINCOME","IDX2015","A","2015",100,
"KOR","HOUSECOST","PRICEINCOME","IDX2015","A","2016",99.6480042859201,
"KOR","HOUSECOST","PRICEINCOME","IDX2015","A","2017",97.8028358260183,
"KOR","HOUSECOST","PRICEINCOME","IDX2015","A","2018",95.540914744747,
"KOR","HOUSECOST","PRICEINCOME","IDX2015","A","2019",92.6582755973689,
"KOR","HOUSECOST","PRICEINCOME","IDX2015","A","2020",92.3613892135189,
"KOR","HOUSECOST","PRICEINCOME","IDX2015","A","2021",96.8871512948893,
"KOR","HOUSECOST","PRICEINCOME","IDX2015","A","2022",92.7559206285197,
"LUX","HOUSECOST","PRICEINCOME","IDX2015","A","2012",90.2322101371623,
"LUX","HOUSECOST","PRICEINCOME","IDX2015","A","2013",91.4598674947408,
"LUX","HOUSECOST","PRICEINCOME","IDX2015","A","2014",94.5584547808174,
"LUX","HOUSECOST","PRICEINCOME","IDX2015","A","2015",100,
"LUX","HOUSECOST","PRICEINCOME","IDX2015","A","2016",106.03077060078,
"LUX","HOUSECOST","PRICEINCOME","IDX2015","A","2017",106.932599608672,
"LUX","HOUSECOST","PRICEINCOME","IDX2015","A","2018",111.921918852378,
"LUX","HOUSECOST","PRICEINCOME","IDX2015","A","2019",119.072191811849,
"LUX","HOUSECOST","PRICEINCOME","IDX2015","A","2020",129.207861797767,
"LUX","HOUSECOST","PRICEINCOME","IDX2015","A","2021",146.931579626198,
"LUX","HOUSECOST","PRICEINCOME","IDX2015","A","2022",153.779360668638,
"NLD","HOUSECOST","PRICEINCOME","IDX2015","A","2012",106.610925684095,
"NLD","HOUSECOST","PRICEINCOME","IDX2015","A","2013",99.445124121815,
"NLD","HOUSECOST","PRICEINCOME","IDX2015","A","2014",98.0020132246865,
"NLD","HOUSECOST","PRICEINCOME","IDX2015","A","2015",100,
"NLD","HOUSECOST","PRICEINCOME","IDX2015","A","2016",102.659814325544,
"NLD","HOUSECOST","PRICEINCOME","IDX2015","A","2017",108.483865596194,
"NLD","HOUSECOST","PRICEINCOME","IDX2015","A","2018",113.866880677312,
"NLD","HOUSECOST","PRICEINCOME","IDX2015","A","2019",117.038727510298,
"NLD","HOUSECOST","PRICEINCOME","IDX2015","A","2020",122.14456457583,
"NLD","HOUSECOST","PRICEINCOME","IDX2015","A","2021",133.852425272631,
"NLD","HOUSECOST","PRICEINCOME","IDX2015","A","2022",140.7656942947,
"NZL","HOUSECOST","PRICEINCOME","IDX2015","A","2012",81.5197449761004,
"NZL","HOUSECOST","PRICEINCOME","IDX2015","A","2013",86.7244940304835,
"NZL","HOUSECOST","PRICEINCOME","IDX2015","A","2014",92.5531756511928,
"NZL","HOUSECOST","PRICEINCOME","IDX2015","A","2015",100,
"NZL","HOUSECOST","PRICEINCOME","IDX2015","A","2016",108.844457651703,
"NZL","HOUSECOST","PRICEINCOME","IDX2015","A","2017",111.528406485477,
"NZL","HOUSECOST","PRICEINCOME","IDX2015","A","2018",110.244267536277,
"NZL","HOUSECOST","PRICEINCOME","IDX2015","A","2019",108.452875429066,
"NZL","HOUSECOST","PRICEINCOME","IDX2015","A","2020",112.841036976177,
"NZL","HOUSECOST","PRICEINCOME","IDX2015","A","2021",136.16269637026,
"NZL","HOUSECOST","PRICEINCOME","IDX2015","A","2022",135.89929133327,
"NOR","HOUSECOST","PRICEINCOME","IDX2015","A","2012",102.09712829977,
"NOR","HOUSECOST","PRICEINCOME","IDX2015","A","2013",101.292191164361,
"NOR","HOUSECOST","PRICEINCOME","IDX2015","A","2014",100.504932862694,
"NOR","HOUSECOST","PRICEINCOME","IDX2015","A","2015",100,
"NOR","HOUSECOST","PRICEINCOME","IDX2015","A","2016",106.410181909016,
"NOR","HOUSECOST","PRICEINCOME","IDX2015","A","2017",108.263569576156,
"NOR","HOUSECOST","PRICEINCOME","IDX2015","A","2018",107.026588606286,
"NOR","HOUSECOST","PRICEINCOME","IDX2015","A","2019",105.825339145232,
"NOR","HOUSECOST","PRICEINCOME","IDX2015","A","2020",108.049247889446,
"NOR","HOUSECOST","PRICEINCOME","IDX2015","A","2021",112.476803546403,
"NOR","HOUSECOST","PRICEINCOME","IDX2015","A","2022",117.43758343095,
"POL","HOUSECOST","PRICEINCOME","IDX2015","A","2012",111.276654658774,
"POL","HOUSECOST","PRICEINCOME","IDX2015","A","2013",105.213513129428,
"POL","HOUSECOST","PRICEINCOME","IDX2015","A","2014",100.911861228182,
"POL","HOUSECOST","PRICEINCOME","IDX2015","A","2015",100,
"POL","HOUSECOST","PRICEINCOME","IDX2015","A","2016",96.8275090854904,
"POL","HOUSECOST","PRICEINCOME","IDX2015","A","2017",95.2274066268308,
"POL","HOUSECOST","PRICEINCOME","IDX2015","A","2018",96.0663220502798,
"POL","HOUSECOST","PRICEINCOME","IDX2015","A","2019",97.6684146755009,
"POL","HOUSECOST","PRICEINCOME","IDX2015","A","2020",100.031049761738,
"POL","HOUSECOST","PRICEINCOME","IDX2015","A","2021",105.562909677869,
"POL","HOUSECOST","PRICEINCOME","IDX2015","A","2022",102.284445590152,
"PRT","HOUSECOST","PRICEINCOME","IDX2015","A","2012",98.3049924126118,
"PRT","HOUSECOST","PRICEINCOME","IDX2015","A","2013",96.7666618047205,
"PRT","HOUSECOST","PRICEINCOME","IDX2015","A","2014",100.861714667132,
"PRT","HOUSECOST","PRICEINCOME","IDX2015","A","2015",100,
"PRT","HOUSECOST","PRICEINCOME","IDX2015","A","2016",103.080684058426,
"PRT","HOUSECOST","PRICEINCOME","IDX2015","A","2017",109.36995466259,
"PRT","HOUSECOST","PRICEINCOME","IDX2015","A","2018",115.931233409417,
"PRT","HOUSECOST","PRICEINCOME","IDX2015","A","2019",122.080036771984,
"PRT","HOUSECOST","PRICEINCOME","IDX2015","A","2020",135.729939724076,
"PRT","HOUSECOST","PRICEINCOME","IDX2015","A","2021",141.496794699704,
"PRT","HOUSECOST","PRICEINCOME","IDX2015","A","2022",148.153445441852,
"SVK","HOUSECOST","PRICEINCOME","IDX2015","A","2012",99.8494321409347,
"SVK","HOUSECOST","PRICEINCOME","IDX2015","A","2013",100.611301544025,
"SVK","HOUSECOST","PRICEINCOME","IDX2015","A","2014",99.8747329286517,
"SVK","HOUSECOST","PRICEINCOME","IDX2015","A","2015",100,
"SVK","HOUSECOST","PRICEINCOME","IDX2015","A","2016",103.568678158357,
"SVK","HOUSECOST","PRICEINCOME","IDX2015","A","2017",104.672080442498,
"SVK","HOUSECOST","PRICEINCOME","IDX2015","A","2018",102.834353158654,
"SVK","HOUSECOST","PRICEINCOME","IDX2015","A","2019",107.333350093373,
"SVK","HOUSECOST","PRICEINCOME","IDX2015","A","2020",114.857164865988,
"SVK","HOUSECOST","PRICEINCOME","IDX2015","A","2021",116.755276327979,
"SVK","HOUSECOST","PRICEINCOME","IDX2015","A","2022",121.378755230422,
"ESP","HOUSECOST","PRICEINCOME","IDX2015","A","2012",110.856956042474,
"ESP","HOUSECOST","PRICEINCOME","IDX2015","A","2013",100.413227454343,
"ESP","HOUSECOST","PRICEINCOME","IDX2015","A","2014",100.463442216283,
"ESP","HOUSECOST","PRICEINCOME","IDX2015","A","2015",100,
"ESP","HOUSECOST","PRICEINCOME","IDX2015","A","2016",102.00408062807,
"ESP","HOUSECOST","PRICEINCOME","IDX2015","A","2017",105.17313881706,
"ESP","HOUSECOST","PRICEINCOME","IDX2015","A","2018",109.606364155219,
"ESP","HOUSECOST","PRICEINCOME","IDX2015","A","2019",110.683813156639,
"ESP","HOUSECOST","PRICEINCOME","IDX2015","A","2020",116.368341462114,
"ESP","HOUSECOST","PRICEINCOME","IDX2015","A","2021",117.097323435818,
"ESP","HOUSECOST","PRICEINCOME","IDX2015","A","2022",120.247862434193,
"SWE","HOUSECOST","PRICEINCOME","IDX2015","A","2012",82.105990890175,
"SWE","HOUSECOST","PRICEINCOME","IDX2015","A","2013",84.8348443096248,
"SWE","HOUSECOST","PRICEINCOME","IDX2015","A","2014",90.8291955571641,
"SWE","HOUSECOST","PRICEINCOME","IDX2015","A","2015",100,
"SWE","HOUSECOST","PRICEINCOME","IDX2015","A","2016",104.946955943334,
"SWE","HOUSECOST","PRICEINCOME","IDX2015","A","2017",109.283237438967,
"SWE","HOUSECOST","PRICEINCOME","IDX2015","A","2018",104.727333222457,
"SWE","HOUSECOST","PRICEINCOME","IDX2015","A","2019",103.912589973164,
"SWE","HOUSECOST","PRICEINCOME","IDX2015","A","2020",108.50172100839,
"SWE","HOUSECOST","PRICEINCOME","IDX2015","A","2021",113.456159659706,
"SWE","HOUSECOST","PRICEINCOME","IDX2015","A","2022",110.835543598464,
"CHE","HOUSECOST","PRICEINCOME","IDX2015","A","2012",92.5372344609056,
"CHE","HOUSECOST","PRICEINCOME","IDX2015","A","2013",94.1238421465155,
"CHE","HOUSECOST","PRICEINCOME","IDX2015","A","2014",96.6148194155532,
"CHE","HOUSECOST","PRICEINCOME","IDX2015","A","2015",100,
"CHE","HOUSECOST","PRICEINCOME","IDX2015","A","2016",101.369594635649,
"CHE","HOUSECOST","PRICEINCOME","IDX2015","A","2017",103.936005467255,
"CHE","HOUSECOST","PRICEINCOME","IDX2015","A","2018",105.966395329787,
"CHE","HOUSECOST","PRICEINCOME","IDX2015","A","2019",108.575493558821,
"CHE","HOUSECOST","PRICEINCOME","IDX2015","A","2020",110.644444469388,
"CHE","HOUSECOST","PRICEINCOME","IDX2015","A","2021",118.946830503351,
"CHE","HOUSECOST","PRICEINCOME","IDX2015","A","2022",122.343759542385,
"GBR","HOUSECOST","PRICEINCOME","IDX2015","A","2012",95.0266112949397,
"GBR","HOUSECOST","PRICEINCOME","IDX2015","A","2013",94.2014691406896,
"GBR","HOUSECOST","PRICEINCOME","IDX2015","A","2014",99.0940038574713,
"GBR","HOUSECOST","PRICEINCOME","IDX2015","A","2015",100,
"GBR","HOUSECOST","PRICEINCOME","IDX2015","A","2016",105.872977651765,
"GBR","HOUSECOST","PRICEINCOME","IDX2015","A","2017",108.510726400838,
"GBR","HOUSECOST","PRICEINCOME","IDX2015","A","2018",108.321632055077,
"GBR","HOUSECOST","PRICEINCOME","IDX2015","A","2019",106.181114449617,
"GBR","HOUSECOST","PRICEINCOME","IDX2015","A","2020",109.735397632999,
"GBR","HOUSECOST","PRICEINCOME","IDX2015","A","2021",115.120661261072,
"GBR","HOUSECOST","PRICEINCOME","IDX2015","A","2022",120.414047757469,
"USA","HOUSECOST","PRICEINCOME","IDX2015","A","2012",90.2380716063354,
"USA","HOUSECOST","PRICEINCOME","IDX2015","A","2013",97.3546768334317,
"USA","HOUSECOST","PRICEINCOME","IDX2015","A","2014",98.1335825019753,
"USA","HOUSECOST","PRICEINCOME","IDX2015","A","2015",100,
"USA","HOUSECOST","PRICEINCOME","IDX2015","A","2016",103.373132142671,
"USA","HOUSECOST","PRICEINCOME","IDX2015","A","2017",105.340407190285,
"USA","HOUSECOST","PRICEINCOME","IDX2015","A","2018",106.463498939813,
"USA","HOUSECOST","PRICEINCOME","IDX2015","A","2019",107.534007255585,
"USA","HOUSECOST","PRICEINCOME","IDX2015","A","2020",107.74479671139,
"USA","HOUSECOST","PRICEINCOME","IDX2015","A","2021",117.163619722674,
"USA","HOUSECOST","PRICEINCOME","IDX2015","A","2022",134.008780254673,
"CHL","HOUSECOST","PRICEINCOME","IDX2015","A","2012",84.3044189785303,
"CHL","HOUSECOST","PRICEINCOME","IDX2015","A","2013",87.7459974926152,
"CHL","HOUSECOST","PRICEINCOME","IDX2015","A","2014",93.0317315832383,
"CHL","HOUSECOST","PRICEINCOME","IDX2015","A","2015",100,
"CHL","HOUSECOST","PRICEINCOME","IDX2015","A","2016",99.2080570507932,
"CHL","HOUSECOST","PRICEINCOME","IDX2015","A","2017",105.4077491974,
"CHL","HOUSECOST","PRICEINCOME","IDX2015","A","2018",110.517247986384,
"CHL","HOUSECOST","PRICEINCOME","IDX2015","A","2019",116.355615059913,
"CHL","HOUSECOST","PRICEINCOME","IDX2015","A","2020",108.299568806344,
"CHL","HOUSECOST","PRICEINCOME","IDX2015","A","2021",105.852365283693,
"CHL","HOUSECOST","PRICEINCOME","IDX2015","A","2022",109.483018308298,
"EST","HOUSECOST","PRICEINCOME","IDX2015","A","2012",91.4001522419222,
"EST","HOUSECOST","PRICEINCOME","IDX2015","A","2013",92.5246531624041,
"EST","HOUSECOST","PRICEINCOME","IDX2015","A","2014",99.2778713829447,
"EST","HOUSECOST","PRICEINCOME","IDX2015","A","2015",100,
"EST","HOUSECOST","PRICEINCOME","IDX2015","A","2016",98.9738794420178,
"EST","HOUSECOST","PRICEINCOME","IDX2015","A","2017",96.396123531293,
"EST","HOUSECOST","PRICEINCOME","IDX2015","A","2018",92.898970440165,
"EST","HOUSECOST","PRICEINCOME","IDX2015","A","2019",93.2048151997049,
"EST","HOUSECOST","PRICEINCOME","IDX2015","A","2020",98.9376616522399,
"EST","HOUSECOST","PRICEINCOME","IDX2015","A","2021",104.573346661799,
"EST","HOUSECOST","PRICEINCOME","IDX2015","A","2022",116.560762523568,
"ISR","HOUSECOST","PRICEINCOME","IDX2015","A","2012",91.1963976316527,
"ISR","HOUSECOST","PRICEINCOME","IDX2015","A","2013",94.5254274558463,
"ISR","HOUSECOST","PRICEINCOME","IDX2015","A","2014",96.913356967183,
"ISR","HOUSECOST","PRICEINCOME","IDX2015","A","2015",100,
"ISR","HOUSECOST","PRICEINCOME","IDX2015","A","2016",104.557167616808,
"LVA","HOUSECOST","PRICEINCOME","IDX2015","A","2012",107.664662069904,
"LVA","HOUSECOST","PRICEINCOME","IDX2015","A","2013",110.403147762064,
"LVA","HOUSECOST","PRICEINCOME","IDX2015","A","2014",110.440240950052,
"LVA","HOUSECOST","PRICEINCOME","IDX2015","A","2015",100,
"LVA","HOUSECOST","PRICEINCOME","IDX2015","A","2016",101.592081898336,
"LVA","HOUSECOST","PRICEINCOME","IDX2015","A","2017",102.258675204699,
"LVA","HOUSECOST","PRICEINCOME","IDX2015","A","2018",103.400221688539,
"LVA","HOUSECOST","PRICEINCOME","IDX2015","A","2019",106.817750019787,
"LVA","HOUSECOST","PRICEINCOME","IDX2015","A","2020",108.223436140161,
"LVA","HOUSECOST","PRICEINCOME","IDX2015","A","2021",111.153286704067,
"LVA","HOUSECOST","PRICEINCOME","IDX2015","A","2022",113.853052090867,
"LTU","HOUSECOST","PRICEINCOME","IDX2015","A","2012",100.358248347574,
"LTU","HOUSECOST","PRICEINCOME","IDX2015","A","2013",96.224778456477,
"LTU","HOUSECOST","PRICEINCOME","IDX2015","A","2014",100.320646365773,
"LTU","HOUSECOST","PRICEINCOME","IDX2015","A","2015",100,
"LTU","HOUSECOST","PRICEINCOME","IDX2015","A","2016",96.6715207286542,
"LTU","HOUSECOST","PRICEINCOME","IDX2015","A","2017",99.4418029619005,
"LTU","HOUSECOST","PRICEINCOME","IDX2015","A","2018",99.273941688928,
"LTU","HOUSECOST","PRICEINCOME","IDX2015","A","2019",96.0145224120514,
"LTU","HOUSECOST","PRICEINCOME","IDX2015","A","2020",94.2445966499403,
"LTU","HOUSECOST","PRICEINCOME","IDX2015","A","2021",101.490308339002,
"LTU","HOUSECOST","PRICEINCOME","IDX2015","A","2022",107.689835864814,
"RUS","HOUSECOST","PRICEINCOME","IDX2015","A","2012",116.012928014927,
"RUS","HOUSECOST","PRICEINCOME","IDX2015","A","2013",111.495347987886,
"RUS","HOUSECOST","PRICEINCOME","IDX2015","A","2014",104.100581565126,
"RUS","HOUSECOST","PRICEINCOME","IDX2015","A","2015",100,
"RUS","HOUSECOST","PRICEINCOME","IDX2015","A","2016",98.0784149466597,
"RUS","HOUSECOST","PRICEINCOME","IDX2015","A","2017",98.0950345788464,
"RUS","HOUSECOST","PRICEINCOME","IDX2015","A","2018",100.60858814954,
"RUS","HOUSECOST","PRICEINCOME","IDX2015","A","2019",97.7145363956216,
"SVN","HOUSECOST","PRICEINCOME","IDX2015","A","2012",114.678725201111,
"SVN","HOUSECOST","PRICEINCOME","IDX2015","A","2013",108.892447633703,
"SVN","HOUSECOST","PRICEINCOME","IDX2015","A","2014",100.800872640372,
"SVN","HOUSECOST","PRICEINCOME","IDX2015","A","2015",100,
"SVN","HOUSECOST","PRICEINCOME","IDX2015","A","2016",98.8333593968175,
"SVN","HOUSECOST","PRICEINCOME","IDX2015","A","2017",102.036992551324,
"SVN","HOUSECOST","PRICEINCOME","IDX2015","A","2018",104.457553400809,
"SVN","HOUSECOST","PRICEINCOME","IDX2015","A","2019",106.452133475779,
"SVN","HOUSECOST","PRICEINCOME","IDX2015","A","2020",107.710788033746,
"SVN","HOUSECOST","PRICEINCOME","IDX2015","A","2021",111.956467731014,
"SVN","HOUSECOST","PRICEINCOME","IDX2015","A","2022",117.542408589782,
"ZAF","HOUSECOST","PRICEINCOME","IDX2015","A","2012",100.617529957855,
"ZAF","HOUSECOST","PRICEINCOME","IDX2015","A","2013",100.594113606077,
"ZAF","HOUSECOST","PRICEINCOME","IDX2015","A","2014",101.676581456029,
"ZAF","HOUSECOST","PRICEINCOME","IDX2015","A","2015",100,
"ZAF","HOUSECOST","PRICEINCOME","IDX2015","A","2016",100.377404361131,
"ZAF","HOUSECOST","PRICEINCOME","IDX2015","A","2017",99.5675219746037,
"ZAF","HOUSECOST","PRICEINCOME","IDX2015","A","2018",98.6438190762529,
"ZAF","HOUSECOST","PRICEINCOME","IDX2015","A","2019",98.1646513600614,
"ZAF","HOUSECOST","PRICEINCOME","IDX2015","A","2020",103.084217791511,
"ZAF","HOUSECOST","PRICEINCOME","IDX2015","A","2021",97.6285446854108,
"ZAF","HOUSECOST","PRICEINCOME","IDX2015","A","2022",94.6922308204224,
"EA","HOUSECOST","PRICEINCOME","IDX2015","A","2012",103.792916283241,
"EA","HOUSECOST","PRICEINCOME","IDX2015","A","2013",101.375180409806,
"EA","HOUSECOST","PRICEINCOME","IDX2015","A","2014",100.303969177853,
"EA","HOUSECOST","PRICEINCOME","IDX2015","A","2015",100,
"EA","HOUSECOST","PRICEINCOME","IDX2015","A","2016",101.709332787538,
"EA","HOUSECOST","PRICEINCOME","IDX2015","A","2017",103.325087501664,
"EA","HOUSECOST","PRICEINCOME","IDX2015","A","2018",105.018068553323,
"EA","HOUSECOST","PRICEINCOME","IDX2015","A","2019",106.772845841542,
"EA","HOUSECOST","PRICEINCOME","IDX2015","A","2020",112.139404239915,
"EA","HOUSECOST","PRICEINCOME","IDX2015","A","2021",116.747417496066,
"EA","HOUSECOST","PRICEINCOME","IDX2015","A","2022",117.990300888263,
"EA17","HOUSECOST","PRICEINCOME","IDX2015","A","2012",103.895252812339,
"EA17","HOUSECOST","PRICEINCOME","IDX2015","A","2013",101.452340234305,
"EA17","HOUSECOST","PRICEINCOME","IDX2015","A","2014",100.383322276541,
"EA17","HOUSECOST","PRICEINCOME","IDX2015","A","2015",100,
"EA17","HOUSECOST","PRICEINCOME","IDX2015","A","2016",101.731989945059,
"EA17","HOUSECOST","PRICEINCOME","IDX2015","A","2017",103.285545992977,
"EA17","HOUSECOST","PRICEINCOME","IDX2015","A","2018",104.961422525781,
"EA17","HOUSECOST","PRICEINCOME","IDX2015","A","2019",106.56994783151,
"EA17","HOUSECOST","PRICEINCOME","IDX2015","A","2020",112.058414970592,
"EA17","HOUSECOST","PRICEINCOME","IDX2015","A","2021",116.777846928979,
"EA17","HOUSECOST","PRICEINCOME","IDX2015","A","2022",117.945241456588,
"OECD","HOUSECOST","PRICEINCOME","IDX2015","A","2012",96.0816949008674,
"OECD","HOUSECOST","PRICEINCOME","IDX2015","A","2013",98.1740240959584,
"OECD","HOUSECOST","PRICEINCOME","IDX2015","A","2014",98.8743146288242,
"OECD","HOUSECOST","PRICEINCOME","IDX2015","A","2015",100,
"OECD","HOUSECOST","PRICEINCOME","IDX2015","A","2016",102.844226384437,
"OECD","HOUSECOST","PRICEINCOME","IDX2015","A","2017",104.829876057735,
"OECD","HOUSECOST","PRICEINCOME","IDX2015","A","2018",105.752646831343,
"OECD","HOUSECOST","PRICEINCOME","IDX2015","A","2019",106.301576371456,
"OECD","HOUSECOST","PRICEINCOME","IDX2015","A","2020",108.140922294733,
"OECD","HOUSECOST","PRICEINCOME","IDX2015","A","2021",115.970787669823,
"OECD","HOUSECOST","PRICEINCOME","IDX2015","A","2022",123.64493024371,
"COL","HOUSECOST","PRICEINCOME","IDX2015","A","2012",94.6703321722594,
"COL","HOUSECOST","PRICEINCOME","IDX2015","A","2013",97.4441956085886,
"COL","HOUSECOST","PRICEINCOME","IDX2015","A","2014",99.8129497660761,
"COL","HOUSECOST","PRICEINCOME","IDX2015","A","2015",100,
"COL","HOUSECOST","PRICEINCOME","IDX2015","A","2016",104.607682602953,
"COL","HOUSECOST","PRICEINCOME","IDX2015","A","2017",105.119340138163,
"COL","HOUSECOST","PRICEINCOME","IDX2015","A","2018",105.682874303443,
"COL","HOUSECOST","PRICEINCOME","IDX2015","A","2019",106.94726004057,
"COL","HOUSECOST","PRICEINCOME","IDX2015","A","2020",111.869117493461,
"COL","HOUSECOST","PRICEINCOME","IDX2015","A","2021",105.001172569941,
"BGR","HOUSECOST","PRICEINCOME","IDX2015","A","2012",105.678123007934,
"BGR","HOUSECOST","PRICEINCOME","IDX2015","A","2013",101.493745695308,
"BGR","HOUSECOST","PRICEINCOME","IDX2015","A","2014",101.846177871635,
"BGR","HOUSECOST","PRICEINCOME","IDX2015","A","2015",100,
"BGR","HOUSECOST","PRICEINCOME","IDX2015","A","2016",101.481993736186,
"BGR","HOUSECOST","PRICEINCOME","IDX2015","A","2017",102.033364565076,
"BGR","HOUSECOST","PRICEINCOME","IDX2015","A","2018",98.896246955179,
"BGR","HOUSECOST","PRICEINCOME","IDX2015","A","2019",96.2666450779721,
"BGR","HOUSECOST","PRICEINCOME","IDX2015","A","2020",94.483497705311,
"BGR","HOUSECOST","PRICEINCOME","IDX2015","A","2021",90.570829385384,
"BGR","HOUSECOST","PRICEINCOME","IDX2015","A","2022",82.8212245906807,
"ROU","HOUSECOST","PRICEINCOME","IDX2015","A","2012",119.957254099336,
"ROU","HOUSECOST","PRICEINCOME","IDX2015","A","2013",111.85788806601,
"ROU","HOUSECOST","PRICEINCOME","IDX2015","A","2014",105.870575093888,
"ROU","HOUSECOST","PRICEINCOME","IDX2015","A","2015",100,
"ROU","HOUSECOST","PRICEINCOME","IDX2015","A","2016",96.7776543942013,
"ROU","HOUSECOST","PRICEINCOME","IDX2015","A","2017",89.182870213264,
"ROU","HOUSECOST","PRICEINCOME","IDX2015","A","2018",85.3594250576088,
"ROU","HOUSECOST","PRICEINCOME","IDX2015","A","2019",76.4574904703289,
"ROU","HOUSECOST","PRICEINCOME","IDX2015","A","2020",74.6430743426547,
"ROU","HOUSECOST","PRICEINCOME","IDX2015","A","2021",71.3145653695459,
"ROU","HOUSECOST","PRICEINCOME","IDX2015","A","2022",70.0423945272839,
"HRV","HOUSECOST","PRICEINCOME","IDX2015","A","2012",112.068708479936,
"HRV","HOUSECOST","PRICEINCOME","IDX2015","A","2013",107.694017549704,
"HRV","HOUSECOST","PRICEINCOME","IDX2015","A","2014",106.562463753,
"HRV","HOUSECOST","PRICEINCOME","IDX2015","A","2015",100,
"HRV","HOUSECOST","PRICEINCOME","IDX2015","A","2016",96.5900314604321,
"HRV","HOUSECOST","PRICEINCOME","IDX2015","A","2017",95.8538593397751,
"HRV","HOUSECOST","PRICEINCOME","IDX2015","A","2018",95.7197145751024,
"HRV","HOUSECOST","PRICEINCOME","IDX2015","A","2019",98.5215012531199,
"HRV","HOUSECOST","PRICEINCOME","IDX2015","A","2020",104.874548661106,
"HRV","HOUSECOST","PRICEINCOME","IDX2015","A","2021",102.120906442424,
"HRV","HOUSECOST","PRICEINCOME","IDX2015","A","2022",99.1253382217456,
